review_id,Airline,Reviews,gt_sentiment,gt_categories
2328,Qatar Airways,"Bangkok to Frankfurt via Doha. Bangkok ground staff are polite, but during boarding, it was the most chaotic scene. The Boeing 777-300 uses the 3-4-3 configuration. On this flight, the flight attendant serving my section was sub par of what I'm used to at Qatar airways. The food was fantastic. The flight to Frankfurt was on a brand new A350, with wide seats a the tail camera. I really like the exterior cameras! The flight attendant who was friends with another flight attendant I met before, and was polite and very friendly.  On the return leg from Vienna, 4 counters open with few passengers. This time, the cabin was only 40% full, so I moved rows and had a whole row to myself. The catering from European airports is always good, so my braised beef with potato au gratin was excellent. The flight attendant I met remembered what I wanted and made the service so personalised it was like a first class flight in economy! She is the best flight attendant I've ever met! In the rear galley, I also met a Bhutanese and Moroccan flight attendant who were equally as nice. But the nicest of them all has to be the Cabin Services Director who came to my seat just before landing to say hello, and we exchanged pleasantries. During disembarkation, I asked if I was able to get a photo with the captain. While waiting for the captain to come out of the cockpit, I was able to try out the business class seat and found it superior to Cathay Pacific's product. On the return leg, wifi wasn't working for much of the flight. Overall, it was totally a 10/10 flight, with the minor complaints about the experience at Bangkok airport.",,
831,Singapore Airlines,"Copenhagen to Brisbane via Singapore. SAS Lounge in CPN comfortable and food looked OK, was not sure re wine out of a tap and so left this alone. The only other alcohol in the Business Class lounge was beer. Flight left on time and crew started working down one side of the Business Class cabin almost immediately, the other side took substantially longer. In any case the crew were helpful, the food was fine and the seat comfortable. Wine was good and topped up. A short stay in the lounge at Changi T3 and then re-boarded the same plane at the same gate (different flight number). Crew still fine but food was not up to scratch, the steak was very overcooked to the point of being really tough. The vegetables were mush, I didn't eat much and the crew member asked if I wanted anything else but I went to sleep instead. Supper coming into Brisbane was better. Waited 25 minutes for one bag in BNE, the other didn't arrive. Filled in the details at the airport. Have not heard back, no one answers the baggage service phone although you can leave a message that no one responds to as well. Calling Singapore Airlines they give you the number for Menzies Aviation that you have already called, they also mentioned that they would call back but have not. The online bag track system has had the same message on it for 6 days. In all the standard here is not commensurate with the full business class fare paid. The main advantage of the flights was being able to sleep, arriving on time is good but not when you are without your luggage and the follow up is so poor.",,
679,Singapore Airlines,"Singapore to Brisbane. A great example of how business class should be done. Practically a brand new aircraft which features the latest Singapore business seats. The 1-2-1 configuration is perfect for privacy and easy aisle access. In my opinion, the hard product that Singapore offers, as well as the crew is what makes them stand out from the rest. The seat and entertainment system are great - and the seat converts to a reasonably comfortable bed. For a bit of extra room, I'd recommend the first row (Row 11) of business as there is a bit more leg space. Food was good and as I had ordered book the cook, my choice was already taken care of and served promptly after takeoff. Wine selection was good and my glass was never empty. The A350 features inflight wifi and Singapore now offers 30Mb for free to business class passengers which worked well for me and provided just enough to check emails a few times during the flight. The standout was the exceptional level of service provided by the crew. Business class was fairly empty (only 10 seats occupied on this flight), but as it was an overnight flight, it would have been very easy for the crew to disappear. However, the service was constant without being ""in your face."" A great experience with Singapore, and the A350 certainly makes travel very pleasant.",,
1888,Qatar Airways,"Brussels to Bangkok via Doha in April and Qatar Airways is a top airline! The most aspects of our journey were good/great. We had no transfer problems at all, although the transfer time was limited (1h45). We checked in via web (twice), but the queues for us in Brussels as well in Bangkok were longer than those who had not checked in via web. There were far more check in desks opened for customers who had not checked in, so our waiting time was to long.  The cabin crew was very friendly (especially for our kids). The inflight service and meals are very good. It was just a bit disappointing that the choices for the main course were limited when they came by. Overall were satisfied with Qatar Airways.",,
2894,Emirates,"I had a poor experience on this flight. I have been using Emirates' services for over 20 years, being a Blue member and, then, a Silver member, up until the time of covid. I have had no reason to complain, previously about Emirates’ service. Sitting in seat 30F, I had ordered vegetarian food, and received a snack soon after take-off, along with a sealed cup of water. Subsequently, meals for other passengers were brought round and people were offered drinks, but I was offered nothing, and the steward moved on too quickly for me to request a drink. At the next opportunity, when a steward passed by, I requested a drink, but was advised to wait until lunch was served (a very poor response, I felt). I reiterated: I would like a drink as soon as possible (as I was thirsty). The person in seat 30G was asleep and I could not exit the seat with causing a disturbance. A drink was subsequently provided (but over 15 minutes later). However, the table in 30F is/was not secure and the drink slid off, spilled over me and the person in 30G next to me. The people sitting either side of me were more helpful than the steward in trying to clear up the mess. Later on, lunch did arrive, but it was 2 hours after I had first requested a drink (so, my request for a drink had been vindicated). When food trays were later collected, mine was overlooked, the steward passed me by, and my food tray was left for over half an hour. When a steward passed by, I asked that the tray be removed and could not understand why I was being treated in what seemed a negligent manner. At this point, I was beginning to become very fed up. A supervisor later came round and asked if I was alright. I was fine (albeit tired), but frustrated at having been ignored and overlooked. The supervisor was firm, but unapologetic, and asked me if I needed anything. I did not need anything, and she left me without further comment, her enquiry appearing pointless to me, as it solved nothing. Following this experience, I am unlikely to use Emirates again, which has left me thoroughly disillusioned with the company.",,
2699,All Nippon Airways,"I’ve always enjoyed flying ANA on its international routes and I’m happy to report that the domestic route I flew was up to the same high standards of service. A very early red eye flight, cheap ticket but a very clean, well maintained looking interior to the aircraft. No food served but the flight attendants were very friendly and helpful without being either overly intrusive or noticeably absent. Seats were comfortable, decent enough legroom that I didn’t feel cramped on the 3 hour flight as well which was a bonus as squeezing my six foot frame into some previous airlines cabins has been torturous. No personal screens for entertainment but there were radio channels available and I always travel with a book so I was quite content. Got me where I wanted to go with no fuss and a totally uneventful journey. Thanks!",,
4973,Turkish Airlines,"I was under impression no alcohol would be served to economy class, however, our flight did serve alcohol. Food on the way there was not good, however, returning flight (which also included alcohol for economy) was much better and closer to how I remember it being many years ago. When we boarded, our seating area hadn't been cleaned and there was trash from the prior flight in the storage area where the magazines and safety pamphlets are stored. Upon telling the stewardess about this she cleaned it up and proceeded to give my wife and I a bottle of wine each before we had taken off. Small things like this go a long way!",,
4311,Japan Airlines,"Tokyo to Taipei. First the flight was delayed at the gate after boarding for more than 45 minutes, taxi for another 30 minutes. So the plane was late leaving and late arriving in Taiwan. The food was so so, for business class, really it could have been better. Gate staff also were not well organized. It is surprising for Japan. The lack of signs at the airport gate area and the size of the gate area were terrible. Passengers did not know which lines to go to and business and first class passengers also had to fight through the crowd to board. The biggest problem with the flight was a screaming infant across the isle. Flight attendants did nothing. The parents and grandparents also did nothing. It was horrifying. People should not be traveling with infants, period, for any reason unless they are moving abroad! These were typical selfish parents who insist to travel with their family and could careless about other people. The flight was full and their kid was crying the whole time. Which means their kid was not comfortable. This selfishness has to stop, and airline staff and airlines need to address it instead of ignoring it. I paid good money for a business class seat, and yet I had to endure this nonsense the entire flight. I am sympathetic in most cases where a kid may act out for a short period of time, but this was ridiculous.",,
7260,Cathay Pacific Airways,"Hong Kong to Bangkok. I reckon for the past 8 flights I’ve been on with them this year, they have been delayed ridiculously (two hours). Other airlines are not affected as much it seems. The advertisement of duty free sales in the inflight entertainment system is very annoying as well as unnecessary PA announcements such as that they’re collecting donations for unicef. Their method of contacting customers regarding ticket bookings is terrible too. I was once called and sent a very vague email not mentioning the reason for contacting me. I only realised a couple of hours before a supposedly booked flight that the credit card payment didn’t go through and that was what they were calling about. Would have been nice to have mentioned it as on the email instead of saying “we tried to call you please reply when you are free” - which I did reply ASAP with no follow up. Changing flights from overseas is a problem too if you enter your asiamiles number when calling in as it directs you to an office which cannot handle ticketing! They told me to call again and not enter my number - silly.",,
2018,Qatar Airways,"Montreal to Doha. On aircraft the staff took my baby stroller and when I asked for a tag number for the stroller the guy told me that “we have cargo problem and we can’t give a tag for the stroller right now but we will make sure that you get back your stroller at the gate on arrival”. On arrival there was no stroller and I complained at Qatar airways office at Doha airport directly after arrival before leaving the airport. Since October 4th, I was trying to keep in touch with the baggage service team. I called many many time and every time they answered that they are waiting for the Montreal team to answered. Finally, the day before my flight back to Canada they told me that it’s not Qatar airways liability that I miss the stroller.  I agree that I have to have a tag number but if the staff told me that they cannot give me tag number because of the cargo problem that they have what I can do except trusting them. Most of the staff were amazing but I didn’t like how they were procrastinating and left me for only few hours before my next flight and tell me that they’re not responsible.",,
3209,Emirates,"Gatwick to Ahmedabad via Dubai. Emirates economy class is going down hill recently. A small warm food plate serviced from Gatwick to Dubai, which was alright. Not as good as some other cheaper airlines. Before there used to be 2 cabin crew pushing the trolley and serving the food, now it was only 1. Only 2 drinks service throughout the 6.5 hour flight, just 2. Rest of the time you have to ring the bell or go to the gallery to ask for drinks. The head purser wondering around the cabin with a tablet, the while flight. Why they keep needing to look at a tablet in a flight I don't know. Another cabin crew sitting down on a laptop for at least an hour. Why cabin crew need to use a laptop on a flight I don't know. The service has gone downhill, besides ICE nothing else is good about Emirates anymore. I won't be flying them anymore.",,
2118,Qatar Airways,We traveled Colombo to Philadelphia via Doha. Food was excellent with a wide selection and good quality. Correct temperature in all servings. Staff in all four flights were very attentive and caring. Seats from Doha to Colombo was most uncomfortable.,,
381,Singapore Airlines,"London to Christchurch via Singapore. London to Singapore great service, enjoyable trip.  I cannot say the same about Singapore to Christchurch. I had a 12 hour stopover in Singapore, loved the  Silver Kris Lounge. Had a long walk to gate D10 but was good to shake off a little fatigue, but I was more than ready to sleep. I was most impressed with the 19K cubicle but saw no bedding. After takeoff I asked a hostess where do I get a blanket?"" she reach up and seemed to grasp one from somewhere. I had a fitful night and Journey with just a blanket and the cushion that was on the seat and could not settle. When the lights came on for breakfast I saw the guy across from me, fold up his bedding and seat! I asked the hostess why she had not showed me how to operate the bed, she replied ""its on the Video""! I told her as I could not operate the TV system how would I know that? I told her I would lay a complaint, I also talked to the man I assumed was in charge, he admitted he had seen me trying to rest/sleep, and assumed I slept like that! I have flown other airlines in Premium economy that took care of the elderly so much better, but as I decided this would be the last visit to the UK to see my sister before she forgets me, she has dementia, I decided it treat myself to business class return home, I had heard good things previously. I have to say, this was a very disappointing end,to a sad journey for me. I certainly would not recommend this airline.",,
7424,Cathay Pacific Airways,"Flew Cathay Pacific Airways from Paris CDG to Kansai via Hong Kong. Still a fantastic Business Class Service, despite a fall in food/beverages quality. Ground staff & crews always pleasant and efficient. The most comfortable business class seat of all Asian airlines, even more comfortable with A350. IFE has improved a lot, as well as connectivity. CDG & HKG lounges still offer high quality food and drinks. However on both flights main course/Breakfasts had no taste at all, and drinks lack personality.",,
5267,Turkish Airlines,"Singapore to Istanbul. As far as I am concerned, this is by far the worst long haul business class experience you can get globally. The Boeing 777-300ER business class for Turkish Airlines is configured 2-3-2, and not everyone has aisle access, people jump on top of each other. There is no privacy as seats are laid the same way as economy. In short, this ""business class"" offering is the equivalent of premium economy of airlines like Cathay Pacific, Singapore or Qatar Airways. Do avoid.",,
2705,All Nippon Airways,"Jakarta to Tokyo Haneda. Best airline experience I've had of 2019, Crew was extremely friendly, food and beverages were excellent, The IFE was nice, But one improvement, The Wi-Fi, At first I was super excited as I connected, but it did not work at all. Other than that, this airline is awesome.",,
3653,Emirates,"Venice to Melbourne via Dubai. I am now on my way back to Australia and yet again experiencing the worst customer service ever from Emirates. Just before my departure I had received an offer to upgrade from economy to business for part of my return trip from Dubai to Melbourne for AU$ 1157 . As my leg had not yet healed ( did my way into Europe on a wheelchair) and although feeling much better, I thought I could do this effort and upgrade so that I could be more comfortable. Before my departure I tried several times to do the online upgrade but unsuccessfully, as every time i filled everything and clicked “upgrade” a message came out that “the system was down”! (Note that my card was more than capable of covering the cost hence it was not a payment issue ) Tried again before I had to catch my first flight but then I had to board and had to let go. Arrived in Dubai I went to the service desk where there was only single person available to do the ticketing service and was stuck serving a person for over 20 minutes! I had another person before me and I knew I would never had time to wait so I went to another side of the service desk to ask for assistance. The lady said no one else could assist and also that she knew for sure I could not upgrade with that offer anymore as I had already started the first leg. When I explained that I did try many times to do the upgrade online before my flight but the Emirates website did not work and a message came out that the system was down (so it was not my fault) they just said they could not do anything and if I wanted to upgrade the price would not have been the same! On the plane I asked again. They had quite a few empty seats in business but they asked almost 4 times as much as the offer I had in my email (asked around 3.500 US dollars for one leg upgrade on the plane! While my offer was 1157 Australian dollars for the same which equals to us$ 864) I am so angry and disappointed but, if you want to see this from a marketing point of view Emirates has lost both in image and in money. In fact those seats have remained empty and Emirates has now another very upset and angry customer who has been loyal for years. Emirates has gone so downhill lately which is unbelievable.",,
2129,Qatar Airways,"Comfortable seats, delightful staff but in flight service was slow There was one flight attendant to serve the drinks and meals to a large section of the plane, each drink is poured by hand. We received no pre meal drink. My first meal was lukewarm and the second cold, my mid flight snacks were not warm enough - breakfast before landing was hot. The entertainment system is not a patch on emirates. The staff are the best thing about Qatar Airways but they need more of them. Flew business back and a lovely comfortable cabin but slow service. All flights were extremely punctual with efficient boarding.",,
3196,Emirates,"Chennai to Newark via Dubai. Due to COVID 19, they have cancelled one part of itinerary and leave remaining so passengers can call and cancel the ticket and they can charge cancellation fees. I postponed the ticket once with extra money and now again they cancelled one part of itinerary and asked to cancel for huge cancellation fees saying the government cancelled and not airline so they charge. Really? This is how emirates value the customers? Please do not encourage these airline when they don't value the customers at all. I will never travel in emirates. Thanks to you emirates.",,
7962,Korean Air,"London to Tokyo via Seoul. First time travelling on Korean Air - really enjoyed it. The flight crew were very friendly, professional and efficient. If I wanted cup noodles with a coke (with refills) gee did I get it quick and with pleasantry. Really thought they were great!",,
5519,Turkish Airlines,"Durban to Houston via Istanbul. We had booked our flights from Durban to Houston (return) which included a stopover of 2 days in Istanbul whereby our journey from Istanbul to Houston was on 16th December 2018 on flight number TK33 at 2.30pm. We had requested wheelchair service in advance. We checked-in on time at Istanbul Airport and waited more than 1 hour for the wheelchair assistant who never came and  had to walk by ourselves to the gate. By the time we reached the gate we were denied boarding as they said that we are late. As a result, we had to buy another ticket on Turkish Airlines for 18th December 2018 at the airport which cost us TRY 21519 and this was through no fault of our own. The problem is that the wheelchair assistance never turned up which is the main reason for us being late. We have flown with other airlines and never faced this issue. It was our first time with Turkish Airlines and has been a terrible experience.",,
6128,Air France,"We had to attend a family wedding in Kinshasa and travelled as a family group. The flight was delayed and we were stuck on the tarmac for 3 hours with no adequate food or drinks. Truly awful experience. Then they lost our bags containing clothes and gifts for the wedding. The bags arrived 3 days late damaged. They have not compensated us for the damage! They had a major server breakdown and communication via the website was impossible. We were told they lost 15,000 bags that day. The office in Kinshasa could not access any systems to register our loss but told us they would register on our behalf. Then once the process began back in the UK they would not process our claim without our bank details and then transferred a minimal amount without our consent. They said that when we gave our bank details we accepted their offer. Untrue! It has been a nightmare! We have tried to be reasonable but have been met with complete indifference. Worst travel experience in over 40 years of flying!",,
894,Singapore Airlines,"Full flight Melbourne to Singapore. Older 777 plane. Chose two seats together, there are not a lot of these, but they were great. You expect very little in economy these days as most airlines have made economy a miserable experience for passengers. Singapore Airlines still treats economy passengers with respect and I was so impressed. We boarded in sections in Melbourne, it was monitored carefully with some held back as they tried to ""skip the queue"" as some always do. Left a little late but not by much. the hot towels before you leave and just before you arrive are a nice touch most airlines have stopped. The seat was wider than most economy. We got a refreshing drink and peanuts shortly after takeoff. Two hours in was a meal. I chose non seafood so my seat was stickered accordingly, I had a fantastic lunch. Quality tender chicken breast in a lovely light soy gravy with perfectly cooked vegetables, hot crispy bread roll, crackers, cheese, water, dessert and real cutlery, Drinks though didn't come out until everyone else got their lunch and I did sit with my tray there till everyone else was done too. No big deal. Entertainment was probably the only thing that they fall down on with not the greatest sound quality. Had a nap after lunch, then a mushroom and chicken pie before landing, All in all the Melb-Singapore flight was pretty well near perfect and we even landed half hour early. Singapore to Hanoi was on an older plane again. Seats had some marks in them, pocket torn and window very scratched. The service was good still, but not quite as good as on the ex Melb flight. The entertainment system again not the greatest but watchable. The food too, another lunch seemed to be lacking both in quality and quantity but was still pretty good. All in all, I thought for economy flights, Singapore provides a better experience than I have had in years.",,
7023,Cathay Pacific Airways,"Brisbane to London Heathrow via Hong Kong with Cathay Pacific Airways. Considering the premium seats cost almost 4 times the economy seats, I was really disappointed with the overall experience. Meal was exactly the same as what you receive in economy, as is the amenity kit. When compared to PE in Qantas or BA, this lacks a lot (you get meals and drink service more in line with business class on those carriers). The only advantage if you are a OneWorld Emerald or Sapphire is getting access to the Pier Lounge at Hong Kong Airport, otherwise if you don't have status and are looking for an upgrade other than just some extra leg room then I wouldn't recommend this. WIFI also didn't work on all 4 return legs of my flight, despite there being a WIFI symbol on the walls. You would be better off spending your money on China Southern Airlines business class seat for a similar cost (and get a lie flat seat) or paying for economy on one leg & business on the other (with any airline). TIP: Also avoid the front row aisle seats in premium - I don't really have long legs (5ft6') and yet the air hostesses still knocked my feet every time they came through the door from business, waking me up at least 4 times despite my legs not sticking out on the aisle.",,
5408,Turkish Airlines,"Kathmandu to Bordeaux via Istanbul. Several problems: baggage with 3 days delay when returning from Nepal. No compensation. I had to pick up my luggage myself at the airport on a Sunday in the late afternoon. Flight from Kathmandu with more than 8 hours late (already 2 hours one way). The flight duration displayed on the outward and return journey is not the right one. It takes 2 hours more. I did not find the staff pleasant considering the late conditions. by buying the ticket, the return flight was to last 17h. In the end, it lasted 36 hours. The price of the ticket being more expensive than another company, the total duration and the rest make it better to avoid Turkish Airlines.  Plusieurs problèmes : bagages avec 3 jours de retard au retour du Népal. Pas de dédommagements. J'ai du aller chercher mes bagages moi même à l'aéroport un dimanche en fin d'après midi. Vol au départ de Kathmandou avec plus de 8 h de retard (déjà 2 h à l'aller). La durée de vol affichée à l'aller et au retour n'est pas la bonne. Il faut compter 2 heures de plus. Je n'ai pas trouvé que le personnel était agréable compte tenu des conditions de retard. en achetant le billet, le vol retour devait durer 17h. Au final, il a duré 36 h. Le prix du billet étant plus cher qu'une autre compagnie, la durée totale et le reste font qu'il vaut mieux éviter turkish Airlines",,
3870,Emirates,"Emirates customer service has certainly dropped their game since I last flew with them a few years ago. An overnight flight from Barcelona to Dubai - simple enough request for a toothbrush kit at end of flight to be advised they no longer do this. This is despite being given a kit only 2 weeks prior on a flight from Sydney to Dubai (to which they answered they do as its 'long haul'). Also, the beef option for the dinner meal had far too much salt in it, could not eat it. If you're not an Emirates frequent flyer it seems they do little to try to get you to become one. I'll stick to Qatar Airways in future when flying from Australia abroad, far superior service.",,
3949,Emirates,"Dubai to Düsseldorf with Emirates. I got a free last-moment upgrade from Economy to Business. Flight experience was great, crew very attentive and helpful. Free floating Veuve Clicquot, very well mixed drinks and food choice. The full flat beds were extremely comfortable and the space was more than enough (I couldn't see my neighbor). Also I liked the idea of having your own minibar next to you. But I missed an amenity kit. This was a little bit of a negative point. Also there was a little bit of confusion during check-in. A lot of business passengers did not find their assigned waiting zone. The free Wifi is great albeit quite slow. Massive entertainment program like no other. All in all, a great experience.",,
6780,Air France,"I flew with Air France Sofia to Paris return for a short business trip. I was pleasantly surprised that they have started serving hot meals (comparing to a flight a took with them again to Paris in May last year). The overall experience is satisfying for the price, especially considering the aircrew service . It should also be pointed out that both flights were right on time without any delay.",,
4823,Turkish Airlines,"Dublin to Dubai via Istanbul. Travelled economy, no hassle with either flight. It was great to be able to travel again. The only issue was with a tight connection coming and going, we left Dublin 30 minutes late so had to run a half marathon to get to the gate for our flight to Dubai. On the return leg, we had more time but had to go through security screening again so had to leg it again. It would have been nice to have had a chance to have a coffee. Istanbul Airport is big, in fact so big that getting around it a challenge for the able, must be a struggle for anyone who isn't in good physical shape.",,
6488,Air France,"Paris to Vienna. My recent flight with AF was a pleasure from beginning to end. Easy to use IOS app both at purchase and check in. Airport check in was smooth with no line at CDG T2F. Security line was longish, but not too bad. Hand luggage allowance is generous (12 kg). Boarding was fast and ordered, divided by zones. Economy new seat is great in terms of comfort. Cabin was clean. Breakfast consisted of pain du chocolate and coffee/tee/soft drink which was ok for 80 min flight. New entertainment system was a huge surprise to me. You log in to Air France onboard wifi and get internet for messaging for free, plus flight info plus variety of tv shows and movies, also for free. USB port is at every seat. Arrived on time, bag was on the belt in 15 min. Miles arrived to my account next morning. Flight price was 44 euro. Brilliant.",,
1116,Qatar Airways,"In Doha no business class bus was given, just a separate economy bus. Wi fi was not available. I eat gluten free, when I asked for my meal it took an hour before receiving it. Suggestion to have details of the meal available on screen as I was sure what I would get exactly, just that it was chicken. It was delicious though. Friendly helpful staff except that tables don’t get cleared quickly.",,
5910,Turkish Airlines,Istanbul to Frankfurt. We started just on time from Istanbul. We appreciated the professional service from flight attendants. They were smiling and amicable. We ordered extra meal and it was delicious. The seats are confartable and the Entertainment Programm was good. Thank you very much for everthing and looking forward to flying with you again soon!,,
2512,Qatar Airways,"I flew Qatar Airways on a multi-city flight of Lagos to Atlanta via Doha, returning to Lagos from New York JFK. The 2nd leg was most enjoyable especially with the A350-900. Ample space, good seat reclining and pitch. The IFE and wifi on board was superb. The mood lighting was intriguing and finally the cabin crew was warm and friendly. Sadly the Doha to Lagos was a serious downgrade after such an enjoyable 12hrs 1st leg. I've recommended this airline as the value of the service exceeds the cost and long hours connecting to ones destination.",,
3780,Emirates,"Boston to Colombo round trip via Dubai. First of all my transit at Dubai airport 14 hours. When i was booking my ticket I asked if I will get Hotel and meals, They said Yes But at the airport their ground people said we stop giving hotel and meals from November onwards. When I was was flying on January 2017 my transit was 20 hours, I didn't get hotel at that time too - the reason they said my ticket cost not reached $1000. I was sitting on the chair for 14 hours. The flight was miserable. Meal they were serving is horrible. They gave menu, so I decided to ask scrambled eggs, they said we don't have, Lunch I asked Fish that was in the menu they said they don't have, gave me Turkey which i don't eat. I am so disappointed.",,
1942,Qatar Airways,Incheon to Johannesburg via Doha. The service is exceptional! Cabin crew are really friendly and helpful. The meals are delicious and toiletry bags are provided so you have everything you could need during the flight. My favorite airline by far.,,
3282,Emirates,"Dubai to London. Emirates has to follow international standards. We were delayed for 45 minutes. Not a single explanation or word of apology was given by the captain. This is unacceptable. We arrived in London 22 minutes late and not a word of comment. Just ""It's a nice sunny morning in London."" This approach to ignoring the delay is absurd. Do they think if they say nothing, the problem doesn't exist. Emirates has to learn how to be punctual or learn how to apologise for delays.",,
7889,EVA Air,"Flew EVA Air from London to Bangkok on Elite class. This is not my first time using EVA as they are my preferred choice when flying to BKK or Taipei. The online booking is pretty straight forward but I wish they allow passengers to edit their profile and input passport information prior to check in. I checked in online 24 hours before departure and dropped my luggage at Heathrow. There is never a queue for Elite class passengers which is a plus. Boarding was on time. The plane was 8 years old and has just been refurbished - new seats for Elite class as well as new entertainment system. Personally I think the entertainment system is decent - the screen is large with good resolution, but the programme is limited, and the flight map is not interactive.  I prefer the old seat as it felt more comfortable. However the advantage of the new seat is that the chunky entertainment box has now been removed. They have upgraded the amenity pack but it was just the packing that is changed. Service on this flight was the biggest disappointment. The crew serving my area did not smile once - not a typical EVA standard. Food and wine were ok although I sensed some cost cutting this time. The flight was pretty smooth and we landed on time.",,
4530,Turkish Airlines,"We missed our connection to Istanbul because the plane arrived at the gate too late and the journey between gate A and gate F where we were to take our second flight is the furthest in the airport with the addition of passage to again, to safety. We came running to the gate and they closed the plane door in front of us. The plane remained after 20 minutes on the tarmac without moving! We went straight to the office so we could catch another flight. Not only, supposedly, no more flights possible on the same day but only two days later! The only possible flight on the same day that we could take was in business class which we had to pay for without any possible compensation even though I am a platinum member with Star Alliance! A shame! And what's more, our screens didn't work during the flight! Avoid this airline at all costs!",,
3027,Emirates,"We chose to book a more expensive flight due to shorter transit time in Dubai. However, just a few weeks before our flight, Emirates, without giving us any options, just changed our flight date and a much longer transit time in Dubai, no offer for a hotel overnight stay. In ZH, they have no office, nor could we contact their phone no. It is a frustrating and a sad first time try with Emirates.",,
1349,Qatar Airways,We traveled as a family from US to India and back. I have to acknowledge that we had a pleasant trip both ways. The customer care was beyond excellent and the cabin crew were the most respectful and friendly staff we have ever met in all these years of our air travel. The food was absolutely incredible and the choices were simply amazing. The Hamad international airport is simply awesome and the best we have ever seen! We did not even feel that we had a 15 hour flight - it was that comfortable and relaxing! The one minus point was the crammed aircrafts from US to Doha and Doha to India (Boeing 777-300ER). It was very congested and crowded.,,
382,Singapore Airlines,"Singapore to Johannesburg. Daylight flight on A350 in premium economy. Checking-in and boarding was quick and efficient, with a warm welcome on-board, as is the norm with Singapore Airlines. There is generous locker space in premium economy, sufficient to allow blankets, pillows etc not immediately required to be stowed. Drinks and nuts were served shortly after take off, with champagne offered, but unfortunately served in a tiny plastic faux champagne glass. We had ordered lunch from book the cook. The quality was good, but would be so much better if served on proper plates and not in foil dishes. It is unfortunate that Singapore provide only economy service in premium economy. Drinks were offered with the meal, but again served in small plastic tumblers. Wine was simply red or white, and of mediocre quality. No refills were offered, and when trays were collected some time later a requested refill never materialised. With a good choice of entertainment and a comfortable seat the 11 hour flight seemed to pass quite quickly. The crew came round on a number of occasions with water and fruit, and a second hot meal was provided 2 hours before landing. Overall it was a very pleasant flight. The small premium economy cabin is very pleasant, and the A350 is a very nice aircraft. However it is unfortunate that the enhanced level of service expected in premium economy is not provided.",,
5186,Turkish Airlines,"Prague to Sharm el Sheikh via Istanbul. Overbooked flights, missed flight because plane left earlier than scheduled (b/c was oversold) and they cancelled the return ticket, so we ended up paying triple for buying two new tickets because the operator did not care to tell us and did not care. Customer service is a nightmare, barely understandable English, very rude and don't care about the customers at all. Spoiled holiday.",,
3888,Emirates,"Tokyo to Zagreb via Dubai. I will never again fly with this airline, because of the luggage allowance and inflight service.  Normally airlines allow one piece of checked in luggage and one carry on when you fly intercontinental, and then they charge you per extra piece of luggage. But no Emirates allow only 30 kg checked in and 8 kg (1 piece only) carry on, everything extra is charged 100 USD per kg. Since I also had my backpack, I would only carry on that, and had to check in my two suitcases and one carry on.  The flight attendants kept talking out loud in the back of the plane (I was seated in the back so could hear them the entire time). Apart from serving meals, they rarely passed through the plane to see if passengers needed anything.",,
5445,Turkish Airlines,"Baku to Amsterdam via Istanbul. They still operate like a third world airline. Check in counter staff at the new airport was ignorant (when she finished my check in, she just left the boarding pass and my passport on the counter instead of handing them to me). I changed my seat the previous night when doing the online check in. When boarding the agent said I had the wrong seat and put me back at my old seat. I asked why, and she said they changed plane. She just made that up.",,
6408,Air France,"Hamburg to Paris. Very nice flight! Staff was very friendly despite the early morning hour. Staffs languages (French, English, German, Spanish) were openly announced. Aircraft had Wifi based entertainment on board running in the browser, surprisingly large movie selection. Onboard internet was available, messaging for free!!, other options were reasonable priced. French Breakfast was served (aka Croissants), with some very nice Lavazza Coffee. During the early morning flights the lights were kept turned off so wanting to find some sleep was very easy. All in all a really surprisingly decent short haul flight!",,
5652,Turkish Airlines,"Well, the flight from Kayseri was supposed to leave at 14:40 but was delayed untill 20:00. Some part of the ventilation system, I think, was not working. They kept us on the plane for the first two hours. Since Istanbul is about an hour and a half of flying time away, it is beyond me why they didn't send a replacement plane, instead of having us waiting around until they managed to fix it. Well, money, obviously. But doesn't bad experiences and bad reviews hurt you longer in the long run!?",,
3629,Emirates,"My elderly mom was traveling from Nairobi to Dubai through Emirates, final destination was Dulles. I checked her in when I got the email and booked seats for her. But when she got at the counter today 07/12/2018 the assistant changed her seat. When my  mom asked why she said she owes her no explanation it is her right (attendant). Now I wonder how is it her right yet my mom paid over $1100 for the ticket. That was rude customer service. Emirates, work on customer service at your Nairobi airport .",,
2363,Qatar Airways,"Booked my travel with Qatar Airways in Economy class on 27 April 2017 and flew in both class as a surprise compliments. First sector from Muscat to Doha on an A320 an Economy full flight and Doha to Thiruvananthapuram (A321) surprisingly upgraded to Business Class. I had been traveling with Qatar Airways in Business Class, even the Economy class short sector flight (MCT-DOH) was a pleasant experience too. The second leg of my travel from DOH-TRV, Qatar Airways surprised me at the Boarding Gate with a Business Class upgrade and the inflight experience was a treat of Five Star. FAs dedicated their whole time taking care of passengers needs and this flight too was full. I compliment the whole team of this Flight for their efficiency and dedication. Food and drinks were served as you required and that too presented with care and polite attitude. Will keep flying with Qatar Airways!",,
3730,Emirates,"Cebu to London via Dubai. The worst airline I’ve flown with. From check in to connecting flight in Dubai. The staff and cabin crew were rude. They have false reassurance that someone will assist me with my connecting flight which is just 1 hour and 30 minutes apart. I was desperate because even the checkin service staff on my connecting flight did not know where I’m supposed to go. She was even rude and unapproachable. And on top of it all, I am still missing with one luggage. When I got into the luggage desk they were all sarcastic. I have been travelling a lot and I have never been so badly treated like this before. Very lousy service. I’m very disappointed and so devastated because I still am waiting for my luggage. From the stress that I have that I’ll miss my connecting flight in Dubai to Heathrow since I checked in in the Philippines, to the handling of my luggage I am extremely dissatisfied.  I was really expecting good service since the ratings I’ve seen and read about the airline was good but, the opposite, it’s really the worst flight I’ve ever been to in my entire life far more worst than domestic flights I had.",,
5828,Turkish Airlines,Worst possible ground service I have experienced. The staff were rude and not aware of the many visa policy changes and insists on being right though proven otherwise through official government channels. And flights not on time.,,
353,Singapore Airlines,"Singapore to Perth, SQ215 is a Boeing 787 that has flat beds in business class. The business class seats lie flat but is rather cramped once the table is out. In terms of comfort, it is ok - not as good as the Airbus used for long haul flights. The compartment for legs is rather narrow, so could be uncomfortable for someone taller who needs to bend his/her knees. The food is good, which maintains the Singapore Airlines standard of food. Service is good. The number of drink services is not as frequent as other flights. Overall, I am still happy with SQ and will fly again.",,
2040,Qatar Airways,"Edinburgh to Doha. The flight was really excellent. A very special thanks to the cabin crew member who was In charge of me in flight seat 7F, he delivered outstanding first class service, he was extremely professional and ahead of all needs to passengers, had a smile even after 7 hours into the flight. I’ve been flying QA for almost 10 years, although it was always a great service, but my last flight exceeded all expectations especially from the cabin crew member.",,
1108,Qatar Airways,"We have been using Qatar Airways for over 10 years now without any issues. This time when we booked in their website we found Qatar using another airline called Indigo (cheap no-frill airline) for the Doha-Kochi route. We were absolutely shocked to see the service provided by both Qatar & Indigo. Quality of food has gone down in Qatar, no new entertainment / movies & Indigo Airlines was a disaster (no water provided, no screens for entertainment, rude staff etc).",,
6244,Air France,"Excellent service at Bengaluru. Due to the short time in b/w transfers one bag did not arrive. However Air France had already sent a list of missing baggage and they informed us whilst we were at the luggage carousel, this saving us time. They tracked where our baggage was and sent it on the next flight. It arrived safely. Very helpful staff at Bengaluru who helped us when we were tired and stressed. Thank you Air France! Re food though it's a different review as the quality was poor, food passed off as Indian, really wasn't food any Indian would eat!",,
5598,Turkish Airlines,"Gothenburg to Manila via Istanbul. The worst customer service, the worst ground crew service, the worst assistance I have ever experienced. We requested mobility assistance and the customer service reassured us that it is already fixed. When we arrived in Istanbul airport, the flight crew who assisted me get off the plane just left us without any explanation or instruction. We were clueless where should we go and where should we wait. When we asked an airport staff, he just told us in a rude manner to stay where we are and wait for the assistance for the next flight. We were so unsure and worried so we asked again a ground crew if there is an assistance coming to help me. I am handicapped and cannot walk so we really need this assistance. Boarding time is 1:05 am and it was already 12:50 and no help came. We just went to the gate by ourselves. We asked the ground crew about the assistance but all the ground crew are clueless how am I going to get in the plane. All the passengers are boarding and we are still waiting. In my previous experience, we are supposed to be the first to get in, not the last.",,
6622,Air France,We were 2 passenger travelling from Dubai to Prague Via Paris with Air France. AF0655 to Paris which got delayed due to some emergency landing in Istanbul and hence I missed my connecting flight. AF1382 to Prague departing 7:20am the same day from Paris. And upon reaching the counter in Paris they gave me the next flight straight away @ 13:00 hrs which is AF1082 thus keeping me stranded in the airport for almost 6 hrs approx and they denied giving me a lounge access to freshen up or rest. It was a not a good or memorable experience.,,
3362,Emirates,"Dubai to Melbourne via Singapore. I was very disappointed with level of service I experienced with Emirates. It was my first time and last time. I upgraded from economy class to business class (hopping things will be better), it was even worst. Crew members they look disinterested and some extremely tried.  3 times I was forgotten and had to ask when i should be expecting my meal (when everyone else was eating).  I will never travel or recommend Emirates.",,
3377,Emirates,"Birmingham to Bangkok via Dubai. Despite recent reports about the extent to which Emirates’ quality of service has declined, I was impressed with every aspect of these two A380 flights. The limo pickup was on time with a friendly and helpful driver and there was only a short walk to business checkin. The Emirates lounge at Birmingham airport is spacious and well stocked and was only an equally short walk to the gate. Boarding was prompt and I will shown to my seat. There was a good choice of food and it was well served. My only criticism would have been the delay in bringing a glass of wine, forgetting my post-flight drink and having to ask to top it up. Apart from that the food was delicious and in a reasonable portions. The first A380 had the new design for the bar and there was a friendly group of passengers. The transfer at Dubai was quick and painless although allowing both economy and business passengers to exit through the same time did add some delay to exiting the aircraft. The flight to Bangkok was overnight and I chose to sleep. With the mattress, the seat was comfortable and I managed to sleep for a good three hours before being awoken for breakfast. The Wi-Fi connection on the plane was surprisingly stable and fast and there were enough movies to keep me entertained. Having flown on Emirates on a number of occasions in the past, I was relieved that although other accounts may be accurate, I found these two flights to high standard with nothing significant to complain about. The cabin crew were chatty and friendly and always keen to help answer any questions or respond to requests.",,
4931,Turkish Airlines,"TK has awful customer service and they don't seem to care. When you have a problem, you have to leave feedback on their site to speak to a manager (you can't speak to them directly). And even then, nothing ever gets anywhere. I just flew from DC to Kazan via Istanbul. I had a ticket through their points and realized I needed to make a change to the ticket - I needed to add an infant seat. I could make a brand new reservation for the same exact same amount of miles as my old one plus 4,500 additional points for the infant seat. The call center could do the same. However, they couldn't change my old one. I asked them to cancel it - they couldn't do that either. They told me to do at the airport before my flight. When I left my home for the airport, the new ticket with an infant seat was still available. When I got to the airport, their system was down. The sales agent said my only option is to pay $450 for the infant seat because their system was down. He said I can write in after and get a refund. When I did, they refused my refund. All I needed to do was pay a $25 change fee or a $50 cancellation fee and pay 4,500 more miles. Their system was down, so I couldn't. A 5-year old can tell you that the right thing to do is refund me the difference between what I paid and what I was going to pay if their system wasn't down. But apparently, Turkish Airlines doesn't believe that to be the case.",,
737,Singapore Airlines,"Paris to Singapore, One of the lousiest flight I ever took! The seat was broken and the airline can’t find any replacement. The TV equipment at some of the aisle were also broken. I filed complaint but no feedback to date.",,
3000,Emirates,"Absolutely awful service both inbound and outbound traveling with an infant. Emirates made a mistake on my booking with an infant which resulted in me having to spend 2 hours at in the airport running between check in desk and ticketing desk with a hungry crying infant to rectify the mistake Emirates created. Onboard the return flight, the flight attendant refused to provide bottled water for so I could prepare infant formula despite having charged me 10% ticket price as infant fare. Finally, on arrival we found our stroller damaged and the baggage team is proposing to offer is 500 AED which is insufficient to replace the stroller. Absolutely awful experience. I urge travelers with infants to choose a better airline.",,
2289,Qatar Airways,Istanbul to Adelaide via Doha returning from Sydney.Flights were on time. Planes were tidy and clean. Seats were comfortable. Foods served was ordinary and below my expectation. There were plenty of options in the entertainment system but I expected better films. The most challenging task for me was online check in as I got error message and could manage to complete the checking after countless attempts. Overall the flights were OK and value for the money.,,
7646,EVA Air,"I have been a loyal EVA customer for many years. I have earned their Gold Status (Infinity MileageLands). I needed to redeem my frequent flier points before the end of June. Thankfully they had extended the expiration date a few times because of COVID19. I decided to redeem the points and fly from Chiang Mai to Vancouver. After being frustrated with doing the online booking myself, the Taipei office (loyalty) kindly phoned me and walked me through the process and everything was perfect. Once in Vancouver I decided to make a trip over to Toronto and I needed to extend my EVA ticket. This time the Taipei and the Chiang Mai office worked together to make that possible for me. I am very grateful to the Taipei office along with Zee and his Chiang Mai office colleagues. Again, the onboard service offered by EVA just doesn't get any better. There are little things that make a difference. At the door, they check your name on the boarding pass and then greet you by name. Each time they speak to you afterwards they refer to you by name. The FA takes you to your seat. When they speak to you, they do not bend down but rather get down to your level and speak to you. When you use the lavatory, on the way out they ask you if there is anything that you need. This is really impeccable service. The food is wonderful along with the wines and cocktails. This excellent service is not a one-off for me but rather what I have experienced before in business class from EVA. When I have had difficulty in the past, I have found that the ""loyalty"" department at Taipei is most helpful and I can say that same about the Chiang Mai office. I did note that I was not eligible for the free WiFi since I was on an award ticket. That is unfortunate because one receives the points to use an award from being a frequent flier. Again, my appreciate to the Taipei ""loyalty"" office and Zee and the Chiang Mai staff.",,
2175,Qatar Airways,"Athens to Doha. Excellent flight, the aircraft had the new business class product of Qatar for the A330. The service was simply amazing, personal and with a smile. The seat was great - very comfortable and long enough when the bed was flat. A lot of room and places to store  stuff. Food was nice on this flight from Athens.",,
914,Singapore Airlines,"Although the service and food were excellent on this short, less than two hour flight from Bangkok to Singapore, the plane was the very old 777-200, with the very old business class. The recline chairs upholstered in the dated blueish-purple fabrics. I think Singapore Airlines has only three of these left. I hope SQ gets rid of these planes soon for it is completely inconsistent with their other excellent equipment.",,
7666,EVA Air,"On time departure and arrivals. Immaculate aircraft, warm attentive staff (ground and on board). Royal Laurel Class seating was very comfortable with excellent amenities. Great transit lounge service in TPE Airport. Catering was amazing and still preserving the first class experience serving individual courses one at a time and the pre flight expansive menu is awesome. EVA is always our #1 choice for travel.",,
706,Singapore Airlines,Hong Kong to Perth via Singapore. Absolute disgrace. Randomly selected seats for my family all over the aircraft. Last flew with this airline a couple of years ago and it was brilliant. It seems poor now. Entertainment onboard was busted. I travel regularly and would seriously say that even a budget airline is better than Singapore Airlines. Do yourself a favour and give this airline a wide berth.,,
1939,Qatar Airways,Manchester to Melbourne via Doha. Delighted to report that services on Qatar Airways outdo Middle Eastern competitors. They don’t penalise travellers with saver tickets with reduced luggage allowance or charge extra for bulkhead seats or charge for popcorn. Cabin staff excelled and even inquired of my daughter how her trip was going . Keep up this level of service Qatar Airways.,,
7771,EVA Air,"Taipei to Bangkok. Check-in at a dedicated area, no fast track for security/customs though, but all went very fast. Nice lounge (Infinity), all you need is there. The best part of the flight is the flight attendants, both outbound, and inbound flights, they really are genuinely friendly, going out of their way to make you comfortable. Nice food, wines, and superb service. Many airlines can learn a lot from the way EVA treats their business class passengers!",,
1015,Qatar Airways,"Seats are too narrow, no space for my legs. Transfer in Doha was complicated and unfriendly personnel. Boarding was chaotic. Will not fly Qatar Airways again.",,
5724,Turkish Airlines,"Boston to Tehran via Istanbul. I had one of my worst experience (if not the worst) with Turkish Airlines. I would be a couple pages if I write exactly how many mistakes their agents made and how I got ripped off because of their mistakes! When I first checked in my bag the agent couldn't find my second flight so didn't issue me the boarding pass for that flight and told me I should get boarding pass when I arrive in Istanbul. She first said I should claim my bag in Istanbul and then changed it and said I should claim it in my final destination. In Istanbul, I was told by an agent to wait in a line for boarding pass and when I reached front desk the person there said she couldn't find my ticket! Again, after I showed my online booking she said that because my flight is from the other airport I should go there and get my boarding pass! I then rushed to the other airport which is around 1-2 hours drive far (because I waited around 3 hours in that line to get my boarding pass!!) only to find out that my bag was left at the previous airport that I arrived! So I missed my flight, had to pay to reschedule fee, and had to go back to the previous airport to claim my bag. I told them that I don't want to reschedule with them and she said if I don't I basically forfeit my return flight! So, I had to pay a fee that was about 10 times higher than a single other flight that I could book at the same time with another airline! Back in the first airline, also I had so hard time to find my bag! Noone at this airlines knows what they are doing apparently. It's totally crazy. When I claimed my bag it was obvious that they made a mistake. They ripped off a part of it and wrote the destination by hand (took pictures of that as well to file a complaint). Not to mention that I got ripped off also by the airport taxi for 20 times of what I should have paid them (as I was in a hurry and didn't know the exchange rate and wanted not to miss my other flight although I had already missed it as my bag was not there). This is one of the worst and incompetent airlines that I traveled with.  The only scenario that I can think of that you will have a pleasant flight is if nothing and absolutely nothing wrong or just a bit uncommon happens. Nobody knows what they are doing and it's surprising. Even when I wanted to find my bag at the previous airport when I went there, I talked to at least 5 Turkish Airlines agent about it and everyone was sending me to a different direction and was saying a different thing. My experience couldn't be worse.",,
4283,Japan Airlines,"Manila to Boston via Tokyo-Narita. The flight from Manila to Tokyo was operated on a B787-8, and the flight from Tokyo to Boston was operated on a B787-9. The infamously horrible traffic in Manila made me arrive at the airport only 57 minutes prior to my departure time. I panicked! Upon arrival at check-in, though, a lady at the business class check-in desk checked me in and assured me that I would make my flight. Indeed, because Japan Airlines boarded the aircraft beginning only 30 minutes before departure and did not close the gate until 10 minutes before departure, things went just fine. I know that many airlines would not be so forgiving of a late arrival. Many airlines also would probably have lost my luggage when I checked it in so late. Not Japan Airlines! It made it all the way to Boston. As for the inflight experience, the flight attendants were polite, friendly, and accommodating. I was seated in a bulkhead seat for the first time in many years, and one of the flight attendants helped me to open up the TV monitor for that seat. The seats were very comfortable. Blankets and pillows were available on both flights. Toothbrushes and toothpaste were available in the lavatories during the flight from Tokyo to Boston. Too bad that there were no amenity kits, but it's always the toothbrushes and toothpaste that I most desire during such flights, so they just barely met my expectations there. Perhaps the least impressive part of the experience was the inflight entertainment. While I appreciated that they offered manga for people to read if they so desired, the selection of movies and TV seemed somewhat lackluster, and it was disappointing that many items were not available with English subtitles. Finally, there was the food. I was served one full meal on the flight from Manila to Tokyo and one full meal and a sort of ""light meal"" on the flight from Tokyo to Boston. We were also served packaged snacks about 35 minutes prior to landing in Boston, which seemed kind of last-minute to me and a little awkward. The full meals were truly enormous-by far the largest meals I have ever had on a flight. The one served from Manila to Tokyo was perhaps the largest of all. The entree was a sort of chicken in a creamy mushroom sauce, served with sliced carrots, sliced zucchini, and fried rice with egg and vegetables. It also came with a vegetable salad with dressing, a fruit salad, a noodle salad, a potato salad with ham and cheese, miso soup, Haagen-Daaz vanilla ice cream, a chocolate chip cookie, a bottle of water, and your choice of beverage. I found it particularly stunning that Japan Airlines has their own kiwi-apple juice blend which they call ""Sky Time Kiwi."" Wow! All of the foods I was served were delicious. One criticism I can make of the food is that with the exception of the full meal from Tokyo to Boston, there was no choice for the meal options. That is, you got what you were served. Overall, though, it was a truly Japanese experience, and it was truly excellent. I would gladly fly with them again in the future if they offer tickets at competitive prices like they did this time.",,
6317,Air France,Three times they made the same mistake and didn’t confirm our seats on our Delta flights before our international ones. Had to spend part of my time on my vacation on hold and dealing with them to make sure it doesn’t happen on the way back and it still did. And they just said there was nothing they could do.  The stress is not worth booking through this airline.,,
2111,Qatar Airways,"Vienna to Doha. It was the first time flying with Qatar Airways, and I arrived at the check in counter at Vienna airport and I was checked in from a really nice lady. I was flying coach, so was not expecting to have a first class experience, but neither in economy I would never offer a check in where the agent talks in the meanwhile that she has my baggage and my passport with her colleague about her personal staff. She was rude . Luckily the cabin crew were better and more helpful, but not outstanding, they did not know what was inside the snack they were offering. The cleanliness, space from the aircraft were really good and I loved the flight as well the IFE. If you are flying the Boeing 787 don´t sit too much in the back otherwise you will see more the wing than the sky.",,
7745,EVA Air,"Seattle to Manila via Taipei. They made me move my luggage around so a carry on could weigh 2 kg less.  They ruined my flight, experience, and I will never give them my money again. They have lost a customer.",,
7065,Cathay Pacific Airways,"Singapore to Hong Kong. Cathay had long relied on their name. While the cabin crew and flight crew continue to offer professional service, it can only be a matter of time before Cathay becomes a Chinese domestic airline. Take that comment as you will - all Chinese carriers today are all terrible and what with HK it's a matter of time. My last business class was in the now defunct Jet Airways and I would prefer that over what I experienced today: 1) No wifi. 2) Movies and TV are biased towards Chinese / HK releases with family oriented fillers in the English section. Disappointing to find absolutely nothing to be watched. 3) A lacklustre menu, but I went for the fillet steak. If you like stringy, stewed and overcooked steak with a taste of low cost cooking oils then this is is tour flight, tepid gravy with a skin, tepid potato scooped tasting of oil not butter. 4) Mediocre seat not designed for anyone over 5.5' The transfer information screen really sums it up. All the fights are there, but with no actual usable transfer information. Lounge experience equally poor. We talk of Emirates going downhill, but why not when the competitors drop to this. Put your money back in your pocket, buy a Scoot ticket with all the addons. You aren't missing anything.",,
1358,Qatar Airways,"The flight itself was fine however dealing with our baggage which they lost has been absolutely terrible. When we arrived at our final destination our checked baggage (along with 25+ other passengers) was missing. After 3 days Qatar has not been able to locate our baggage or supply the last known location. The baggage department does not answer the phone, their email, or their WhatsApp chat function. When I got ahold of someone in the reservations department they told me “these things take time.”  We are extremely disappointed with the service from Qatar.",,
2342,Qatar Airways,"I returned from London with my elderly father. Our flight was delayed at Heathrow, so we missed our connecting flight from Doha. The airline was amazing when we arrived at Doha, accomodation, meals and transfer to and from the airport were already in place. My elderly father loved the hotel and we managed a scenic tour of the city , which we both enjoyed. Qatar Airways staff were friendly and wonderfully supportive. My father required wheelchair support, again all staff were professional and supportive. My elderly father thoroughly enjoyed his unexpective stop over. My father is currently on his return journey to London Heathrow , having just left Doha. I would fly Qatar airways I can't fault the service. Well done and a thank you to all staff.",,
6628,Air France,Just boarded Air France from Tel Aviv to Paris. Paid a lot of money to fly business class-only to get on plane to sit in economy seats with no leg room - only difference is 2 people to a 3 row seating arrangement- totally unacceptable to charge more money for essentially economy seating. Very deceiving business practice. A total scam! Use any other airline but Air France if you want business class.,,
3696,Emirates,I was travelling Dubai to Mumbai. At the time of check-in I forgot my passport pouch at the check in counter. I realized that when I was about to board the flight. I got in touch with the ground staff and they helped me in finding my lost pouch within very short time. I really appreciate the ground staff effort.,,
527,Singapore Airlines,"Service is unparalleled. Food is very good and served on proper plates with real cutlery. Wide selection of online shopping. Best thing about this flight was the sky bed. The chair unfolds into a flat bed, which gave my son and I some decent sleep. The plane leaves SG just before midnight and arrives in AMS around 6.15am - so even a 12 hour flight seems like no time is wasted. Wifi is available on board but requires payment. The complimentary allowance for business class members is only suited for text messages - runs out fast.  Overall, a very comfortable flight. Will definitely fly again.",,
371,Singapore Airlines,"Frankfurt to  New York. My experience on this flight was good overall. Check-in, boarding processes were well organized. Food tasted better than business class offerings on some other airlines. Singapore airlines' premium economy is a good choice for flights between 6 and 10 hours.",,
4969,Turkish Airlines,"This is my first time travelling on board Turkish Airlines and I have to say I was impressed by the service, the aircraft and the value. The service was exceptional, the food was delicious and the flight was beyond anything I had expected.",,
4554,Turkish Airlines,"The cabin was very hot. Flight was 2 hours late, and no one trying to explain to me what’s going on. If you ask Turkish Airlines staff they don’t even give me answer. Last time flying with Turkish Airlines.",,
6836,Air France,"Istanbul to Paris with Air France. The small A319 was completely full. Friendly crew with new seats in a renovated cabin. Food served was a hot meal (entree, main dish end dessert) with drinks, which is an improvement vs. previous flights. No IFE for the 3h40 flight but AF allows you to download free movies to watch on your tablets 30H before the flight for the whole duration of the trip. This is a nice initiative and was much welcome. Flawless flight and arrival 5' ahead of schedule.",,
606,Singapore Airlines,"Midnight flight departing Singapore to London on A380 in economy class, not the favourite way to start a trip. Boarding was efficient and uncomplicated, although the sheer size of the A380 makes for a busy boarding process. We found ourselves on one of SQ's newest A380-800 aircraft, decked out in the new economy class setting with updated seating and AVOD. This configuration has economy and premium economy on the lower deck, and the very premium seats on the upper deck. We were in the 2nd most front row of economy, near to the galley. Seats were relatively comfortable (by Economy standards), with a new styled headrest. The AVOD was presented with a large touch screen, and is now line with the likes of Emirates. Food choices were pretty good (mostly edible), and service was pleasant, if not enthusiastic. We departed and arrived on time, and it was as tolerable as long-haul economy can be, I believe.",,
1983,Qatar Airways,"Berlin to Hanoi via Doha. The cabin crew served me unprofessional, unfriendly without eye contact, they can speak English well. I had to transfer in Doha for 20 Hours and expected I would have accommodation offer for 20 hours. I dont get the offer and have to stay in the airport for 20 hours. The staff just gave me the information, she didn't tell me what kind of alternatives I have like staying in a quiet room or lounge or airport hotel, until i asked her.",,
1965,Qatar Airways,"Copenhagen to Bangalore via Doha. This time my flights were a mixed bag and somewhat disappointing, especially the sectors BLR-DOH and DOH-CPH on 09 January 2019. Both flights full, the first leg being a real flight from hell because of screaming children who wouldn't stop during the 4 hr flight. QR has added an extra seat on their B777-200LR's as well as B777-300ER's during their latest refurbishment (3-4-3 in Economy), which makes the seating extremely cramped and the aisles too narrow. I'm 6""1' and due to the too narrow seat, it was very hard to find a comfortable position to eat or rest, the seat is simply not suitable for me. The cabin crew are all very good and hard-working, meals OK for Economy and the Oryx entertainment system way above many competitors, but I found it hard to enjoy all this due to the problems mentioned.  We had 55 min connection at CPH (QR to SAS) but since QR was delayed due to an extremely long taxiing at DOH, we managed to catch SAS thanks to the security check and passport control at CPH, however, our bags didn't make it and came 24 hrs later due to the fact that QR has one ground handling agent at CPH and SAS another. All in all, QR is a good airline to fly with and DOH is a great airport as suggested by fellow travellers as well but, in my opinion, the cramped cabins in Economy don't reflect a five-star experience and the cabin crew struggle on the narrow aisles to provide five-star service they have been so well trained for. A mixed bag, really.",,
5893,Turkish Airlines,"Turkish Airlines flight from Montreal to Istanbul was delayed for 10 hours as per online information. Connecting passengers were taken to hotel room but after 10 hours when passengers arrived to airport from hotel, the plane was further delayed for 12 hours. Passengers could not go back to hotel, as hotel checked them out already. So passengers were left in hotel lobby for additional 12 hours. Wheelchair assisted passengers were left with little to no help provided.",,
5012,Turkish Airlines,"I bought this ticket for my mom, we changed the ticket two times, first from June 28 to July 17 for $58, then from July 17 to June 28, first they told us over the phone that the difference is $145 and he gave me a reservation number and I should wait for their call to confirm it. After a couple days, I hadn't heard back from them and I called, after an hour waiting on the call, they said the ticket difference is $298. I said you told me $145 two days ago and now your price is this? and he said this is our new price, if you want to change your day, here is the price. The day of my mom's flight, I called to request unsalted food because she has high blood pressure and they don't have it on their menu .. finally, they got the flight after 2.5-3 hours delay without any apologies or providing water or snack for them.",,
6874,Air France,"Booked to fly Madrid to Toronto via Madrid with Air France I tried to ask for how much the upgrade to business was. They said you have to pay a penalty for changing your ticket (upgrade is changing a ticket?), so I complained to them. They said they will handle, keeping me waiting and just receive another email with the same exact answer. If you ever planning to travel with an airline don't just look for price - because this one is the worst.",,
5864,Turkish Airlines,"Nairobi to Heathrow via Istanbul. The flight from Nairobi delayed by close to one hour and I almost missed my connecting flight to London. I was travelling with 2 suitcases both of which were missing when we got to London. One suitcase was delivered 4 days later and the other is still missing more than one week down the line. The airline does not give any updates on the progress of tracing the lost baggage and refers you to a robot site that has the same update ""tracing continues check later for updates"" for seven days. It is unfortunate I had booked a return flight, otherwise, I am not flying Turkish Airlines again!",,
7551,Cathay Pacific Airways,"The flight started from Hong Kong on time and reached Denpasar Bali around 20 minutes before the scheduled arrival time. The aircraft was Boeing 777. The seats had enough leg space and were very comfortable. There were cup holders, coat hook, three pin charger with every seat. The inflight entertainment system was simply awesome. it had several movies in English and Asian languages, TV serials, Games etc. The food served was great and consisted of Rice, Vegetables, Chicken preparation, Bun. ice cream, cookies etc. they had several drinks option which ranged from coffee, coke, juice to harder ones viz. wine, vodka, whiskey, beer and were served in abundance throughout the flight with salted peanuts. The behavior of the cabin crews were just excellent. The service, ambiance will surely make you feel that you are travelling in a premier airlines.",,
3984,Emirates,Dubai to Brisbane. I flew with my toddler yesterday with Emirates on a long flight. I want to give very positive feedback to the crew on flight EK434 travelling to Brisbane on February 25th. Everyone was very courteous and attentive. My trip with a toddler was made comfortable thanks to the kind attendants. I will highly recommend Emirates to everyone from now on and look forward to travelling with you again in future. Thanks for excellent service.,,
6854,Air France,"Mumbai to Paris with Air France. Friendly staff, comfy seat - I had a good sleep though it was an older angle-lie-flat seat. 2x2x2 configuration is so out. Fortunately I could catch a middle row seat - after discussion because they had deleted my seat reservation I made during web check-in. Why ask your passengers to reserve seats and ignore the reservation? Catering service was horrible. Just a tray with all dinner courses together landed at my table. No offer of different wines between the courses.  Absolutely no exclusivity of service. Still satisfying flight. I would not book AF for long-haul again.",,
1527,Qatar Airways,"We travelled on the QR260 flight from Warsaw to Doha on the 1st August 2021 en route to Maldives and had the most wonderful experience. Despite travelling in economy class we've been given a truly first-class treatment by a flight attendant named Petra. She's been attentive, professional, and truly went above and beyond our expectations. Despite the Qatar Airways app not registering our meal preferences, we've been sorted by Petra in no time at all and with a big smile. Outstanding!",,
8015,Korean Air,"Los Angeles to Chiang Mai via Seoul. We decided to spend a little bit more for our flight to Thailand in exchange for a better service and were disappointed: We could have saved several hundreds of dollars if we had used a Chinese budget airline. What was good about Korean Air were the flight attendants who were super friendly and helpful, on our return flight to LAX they even carried my carry on bag for me, when they saw that I was holding our baby. The reason why we won't fly with Korean Air anymore: I had ordered a ""vegetarian oriental meal"" (not vegan, but vegetarian which isn't as restrictive) What I received was a joke: it looked like someone had emptied half a can of peas into the aluminum container and thrown some bok choi leaves on top. No sauce, tofu, rice or potatoes. Horrible. My wife was still hungry after her meal and asked for a snack. The answer was: ""we don't carry any snacks"" (contrary to what their website says: ""Snack Service A wide variety of snacks, such as samgak kimbop, cup ramen, pizza, and makkoli rice cakes, are served on long flights."" The flight attendant explained: ""we stopped offering cup ramen because of the smell"" when my wife told him that she used to get ramen on previous flights.  I had one can of beer at the beginning of the flight and ordered a gin tonic several hours later. This drink spilled because my table was defective (the kind which you pull out from the armrest). When I asked for another drink they watered it down and advised me ""this is your last drink, each passenger is allowed to have only 3 drinks"". I was not the slightest little bit drunken and very surprised because even on low budget airlines like Air India nobody told me how many drinks I could have. This is obviously a policy which is supposed to save the airline money.  We both started to get a headache because of dehydration. When I asked for water, the flight attendant poured approximately 4 table spoons into a cup, I went back and forth several times between our seats and the pantry and each time they filled the cup only 50%. We were both thirsty during the entire flight. Before departure there was a bottle of water on each seat and as soon as the boarding was completed, they hurried to collect the water bottles from the vacant seats. (Probably in order to lock them up in the safe...) 5.) We had purchased an inflatable pillow which was specifically designed for air travel. As soon as my wife started to inflate the pillow, several flight attendants approached us saying that we were not allowed to use it.  Obviously Korean Air's management made decisions in order to save money and we felt this nickel and dime culture during the entire trip. If we had chosen a low cost Chinese airline, we may have received some kind of rude treatment but enough to eat and drink for several hundred Dollars less.",,
1481,Qatar Airways,"I recently flew London Karachi route via Qatar Airways, and the service I received was exceptional. From check in to boarding, the staff were friendly and helpful. During the flight, I was well looked after. My earphones were not working properly, and they replaced them twice to ensure my in flight entertainment ran smoothly. I would like to give a shout out to the cabin crew who did a wonderful job with the level of service they provided.",,
7318,Cathay Pacific Airways,"Flew Hong Kong to London with Cathay Pacific. The menu option read exactly ""Mushroom fusilli and tomato concasse"", however it was just one small mushroom sliced 5 times garnishing pasta with a tomato sauce. I believe ""tomato concasse"" would normally be crushed tomatoes. No sign of that. The menu option was, Stir fried egg noodles with chicken, vegetables and 2 dumplings. However the amount of chicken and vegetables could be held on one tablespoon. It was essentially just stir fried noodles. The dumplings were small but good. I understand I was flying economy and wasn't expecting Haute Cuisine, however using fancy words to describe something so substandard is just wrong and leads to disappointment when other menu options could have been chosen. The wine was nice but one small glass was less than some other airlines serve. Other aspects of the trip were really good including the plane and service etc. However it would have been good to be able to select a seat and not have one automatically allocated as someone taller than 6 foot could be uncomfortable in a 78 cm pitched seat.",,
401,Singapore Airlines,"Singapore to Adelaide. I dont know what happened to Singapore Airlines but just had my worst Economy flight ever. I am on the tall side with over 1.90cm but have had no issues on this flight over the decades on A310/A340/777/A330 in Eco and the occasional Biz class. My 1st time on their new A350-900 with their new economy seating and will be my last. The legroom is non existent.  My knees were in constant contact with the seat infront. If the person infront of you decides to recline then you get to enjoy the screen about 20cm from your face. The seats are an absolute nightmare. Not only is the pitch terrible but also the width which is a complete joke. If you are travelling with a family member then fine otherwise you get to enjoy constant shoulder rubbing with your neighbour. The seat padding is the hardest i have come across. Having flown Thai's A350-900 the weekend before to Bangkok in standard eco seat as well and having no issues, I was looking forward to the SQ experience. What an incredible let down that was. The Thai product is so much better which is something i would have thought I would never say when comparing to SQ. Even Emirates a few months before in Economy was an absolute joy in comparison. The inbound flight was a 23:10 departure and our dinner consisted of a beverage and a packet of peanuts before lights were turned off. 4 hours later breakfast was served which consisted of yoghurt, a bit of fruit, bread roll and flavourless noodles or omelette. Not being able to sleep, you had to play catch the crew walking past if you wanted water. Not being heavyset, the tray actually pushed into my stomach when folded out which was also a new experience. On the return leg I managed to get the extra legroom seat in row 55 which was fine legroom wise but it was even more narrow then the standard seat as the tray folds out of the armrest taking up width. Compared to the standard economy seat this one is bearable for the 7 hours but again, not for anything longer. Whilst boarding and scanning the ticket the ground staff in ADL remarked"" oh, I am glad you got that seat as you are tall"". Whilst on board and having settled into the seat, the steward's pre-empted my seat neighbour's and my comment with ""yeah i know, they are very narrow"" so I can imagine the number of complaints about their seats. My neighbour and I, whilst trying to avoid shoulder contact had a lengthy discussion about how terrible these SQ seats have become. I will be exploring other carriers and connections in future as the premium paid for Singapore Airlines is simply not there anymore. Reading the number of gripes on the web about their Biz seats as well, I will be sure to choose other carriers in the future which saddens me as have been flying Singapore Airlines my entire life and had them in the highest regard until now but wont be enduring this torture ever again. I have absolutely no idea how they were voted best airline again.",,
1548,Qatar Airways,"Helsinki to Doha. One of the best airlines to fly with. Safe, reliable and on time, especially in Covid times. Impeccable service, great attitude from ground and in cabin staff. High level of service quality.",,
1011,Qatar Airways,"Very nice flights with Qatar Airways. Aircraft clean and well maintained, professional cabin crew, they never disappoint. The only thing to complain is that I passed through Hamad International several times and they never used fingers but only buses. This implies long wait and traffic jam due to the high number of buses. I imagine this is due to the strong increase of Qatar Airways destinations, but in any case it's a pity for such a beautiful airline! All in all, very good work Qatar.",,
57,Singapore Airlines,"We flew an itinerary Melbourne to Dubai return via Singapore in August 2023. We joined their Krisflyer membership. Having done that, we opted in for their ""Auto Check In"" for each flight. Singapore Airlines automatically check you in and email your printable boarding passes 24 hours before each flight departure. You do not have to check yourself in online. Our flights and seating for MEL-Singapore, Singapore-Dubai, Dubai_Singapore we were auto checked in and I printed the boarding passes at the hotel each time. But, while staying in Singapore for 2 days prior to our flight, 24 hours before our SIN-MEL flight, I kept checking my emails for the auto check in. By 1pm, 12 hours before our midnight SQ237 flight I received no auto check in. I knew something was wrong. I called their Singapore call centre and quoted my SQ RES Number, and said I have not received our boarding passes. For no reason, they hung up. I re-dialed the number, another operator, same thing, they hung up. On the third attempt the first thing I said to the operator ""Do not hang up"" I gave my REF booking number and we had pre-allocated seats 41D and 41E. The operator said ""I cannot find this REF number"". I patiently said, "" Go to SQ237 seats 41D&41E  you will see our names on those seats."" Nothing. I started to get distressed but kept my cool. I said ""If we go to the Airport they can sort it out"". No. you are not on that flight. So, I said, "" what do we do?"" He told us we have to re-book the same flight for the next day and pay an extra re-booking fee of $430. At that moment I thought, we just have to get on a flight, book it and work out the problem later. I looked up the seating on my ipad as he was doing the re-booking and requested the vacant seats, 70B&70C. He told me they are not available and put us in a three row on 46DEF. We went to the hotel lobby and booked an extra night at$353. We got to the airport 9 hours before our flight at 3pm, and showed them our paper itinerary at check in and said we did not receive an auto check in email or boarding passes and that 70B&70C are in fact available, and yes they were. Do your own check in online. I am in the process of filing both a complaint and claim to Singapore Airlines.",,
2923,Emirates,"What a disappointment. Emirates is lauded as having one of the best inflight experiences in the world. They obviously spend a lot of money marketing the experience as such. The problem with this is that expectations are high. The hard product is good, all be it a little tatty. Service and food quality is poor. Options are limited and there is no dining in demand. It’s the first time I’ve flown business and had my meal served on a tray. Never addressed or welcomed by name aside from when my boarding card was presented on entering the aircraft. Crew were polite when you got their attention, but most of the time they were avoiding eye contact when racing through the cabin. I had just come off a Virgin Atlantic upper class flight and while their upper class seats aren’t great, the service blows emirates out of the water. Fly better? Do better!!",,
5193,Turkish Airlines,"Amsterdam to Istanbul. The flight was delayed for around 50 minutes in departure.  Ground staffs were good at Amsterdam Schiphol airport. Cabin crew were good, food was good. This airline sent me a email offering me a compensation of 300 Euro due to the dela).",,
3752,Emirates,"This was our first time flying Emirates and likely our last. We have taken many other business class flights before and the service provided on every single other carrier, even American and Chinese carriers, far exceeded Emirates. The hard product is excellent with the full floor lounge in Dubai, good seat and bar on the plane. However, the biggest issue is that none of the crew seems to want to be there. It’s all a production line mentality. The service falls below what one would even expect in Economy. Also the food was very inferior given past reviews we had read about Emirates. In short, given the price point we would never fly Emirates again when there are usually cheaper business class seats on other airlines with better service.",,
947,Singapore Airlines,Manila to Zurich via Singapore with Singapore Airlines. Departure from Manila International Airport was delayed for about 2 hours because of air traffic. During the flight we get dinner. The fish and the desert was delicious but the fried rice was just steam rice. Entertainment programm was outstanding with a large choice of new relesed movies. The flight was very smooth and the flight attendant were very cheerful. After we landed in Singapore I had to hurry to my next connecting flight to Zurich. The flight between Singapore and Zurich was smooth but the meals were one-sided. We get for dinner and breakfast fried rice dish with fish or chicken. I expected at least one noodle dish in this sector. The flight attendants seemed very tired and unmotivated.,,
6028,Turkish Airlines,"Zurich to Istanbul with Turkish Airlines. Great contract lounge at ZRH (Aspire) operated by Swissport with a terrace from which one can do some great plane spotting. Offerings were also much better than the Senator lounge, the bean counters must be hard at work as usual at the LH group. On time departure and orderly boarding. 2x2 business seating, IFE and much appreciated quality catering. While flying in a metal tube with little distractions it is nice to be served a nice meal. The onboard chef was attentive and the chicken papillotte was very good. One can even enjoy a cup of Turkish coffee afterwards. Scheduled arrival into IST. Kudos to TGS as the CIP bus was available (and this time was for J pax only) for a speedy transfer to the terminal. The new headphones seem to be of inferior quality, minor problem in a otherwise yet another very satisfactory TK journey.",,
6823,Air France,"Flew Air France from Tehran to Toronto. On New Years Eve going back home on a connecting flight, first flight from Tehran to Paris was delayed and about 30 passengers missed the second flight because we had to wait for a whole hour at the airport for a bus to pick up the passengers. Air France representative rudely told us that it is not their reaponsibility and didn't even offer an apology. They agreed to get us tickets to go back home but said all direct flights were full for the next 2days. We trusted their word and agreed to sleep at the airport for the night and arrive into Toronto 30hrs later than planned. Next morning we find out that half of the passengers who had missed the same flight were going to Toronto on a direct flight. None of them had children or any disabilities. Although we were the first ones to get to customer service they didn't give us the tickets and made us wait for more 26 hours before our next flight. Again, there was no apology. I guess they cheap out on taking responsibility and apologizing as well. This was my first time flying Air France and I promised them it would be my last.",,
3611,Emirates,"I traveled from Kuwait to Cochin via Dubai on 6th August. As per my itinerary my allowed hand luggage weight is 7KG. I traveled with 7 KG weight + my laptop this weight allowed from Kuwait during my check in, but from Dubai during check in time they charged for my laptop weight. I would like to know is their any separate rules for emirates flying from Kuwait and Dubai. I paid around 410 AED extra, but one thing I decide I will not choose Emirates again.",,
3345,Emirates,"I was traveling with my family - wife and 5 year old from Newark to Dubai. One of the seats allocated to us was broken with the recliner button missing and being concealed with duct tape! When I highlighted this to the crew supervisor I was told that this seat should have been blocked and not allocated to any passenger. Since the flight was full and with only 1 middle row seat available, neither my wife nor I was comfortable to move leaving either me or my wife to tend alone to my toddler. Hence I decided to stay in the same seat. After an agonizing 12 hours with a stiff back I highlighted this to Emirates customer support who simply put their hands up stating that they helped but I refused. Firstly this seat should not have been allocated. This seat was actually allocated to my 5 year old. In that case Emirates was happy to move her alone to another seat! Really poor response and pathetic customer support.",,
2189,Qatar Airways,"Doha to Dubai in January 2017 on business with my wife. Had a fairly smooth transfer at the Hamad International in Doha. The departure gate was a considerable distance from the gate of our arriving flight but signage was clear and using the walkways provided got us to the departure gate on time. Departure on time, welcoming staff quite clean aircraft for a short flight of about an hour. A very tasty chicken sandwich was provided and beverages. In-flight entertainment was on and could be used. I had my own headphones which I did use! A very pleasant airline I would recommend.",,
1387,Qatar Airways,"The flight was initially delayed due to issues at the airport. However, time were made up in the air and we landed as planned. The crew was extremely helpful throughout the night with water and drinks. Although we ate late the food has been incredible tasty. Thank you Qatar Airways for this memorable experience. I can now see why you are rated as the number 1 airline in the world.",,
1584,Qatar Airways,"Qatar Airways, Most reliable airline during this pandemic!  Travelling on Qatar Airways recently was a stress free, COVID safe, comfortable experience from start to finish. The check in process wasn't perfect, but with all the changes to legislation of various countries, I did expect things to be a little slower. This in my opinion is acceptable in the current climate. When on the flight, there were plenty of seats available to maintain some form of social distance, the crew wore correct PPE and enforced passengers to do the same. The crew issue a travel pack which contained sufficient face masks, gloves and hand sanitiser for the trip and onward journey. Food on the flight was tasty and the drinks service was sufficient to remain comfortable through out the trip. On arrival at Doha, all passengers was ushered through to transfers, by passing the unnecessary security check points allowing us to, again maintain social distancing. I had a long layover so utilised an airport lounge but I did noticed the majority of the stores open in Doha Airport. My trip involved two flights which both arrived on time at their respective destinations. Overall, I was very impressed how COVID safe and comfortable the journey was, and that is travelling economy. I am going to be using Qatar Airways as my first choice airline for the considerable future. Thank you, keep doing, what you are doing!",,
2599,All Nippon Airways,"They canceled my mother’s flight without any announcement to the passengers who were waiting in line for almost 2 hours. The airport flight information displays still showed that the flight was on time even after we were turned away 2 hours later. While we were at the ticket counter trying to figure out what to do next, their manager told us that flight will be tomorrow morning at 8am (which is incorrect because Seattle only has 1 ANA flight a day, and they’re all at 3:35pm). My mother was staying with us so they didn’t even pay for anything for inconvenience of the delay. They didn’t even offer to try and find another flight. We came back the next afternoon, and finally were able to check in her bags and when we inquired about a seat upgrade (like business class since she already had premium economy), we were told that it was full and they couldn’t upgrade her. They provided nothing for any sort of compensation for the inconvenience,",,
7043,Cathay Pacific Airways,"Flew business class from Hong Kong to Los Angeles. Window seat 18D CX884. The cabin crew especially the older women undermined me and tended to others more and gave me a shabby look.  It was overall a great experience except the part where my supposedly ""priority baggage"" had a huge dent leaving it unsealable after opening it once but it's ok - Priority baggage does not make a difference for Cathay, it comes out even later. Some other cons are, no pajamas, no slippers, limited and bad toiletries, small bathroom, food takes long",,
1078,Qatar Airways,"Qatar Airways is one of the most professional airlines. I was very ill on flight, the steward called doctor who allowed medication to be given to help me, then exceptional service once arrived in Doha. I was taken to lounge to shower and escorted to a resting area as I was travelling alone. I highly recommend Qatar Airways. I felt that I was in very safe hands.",,
6979,Cathay Pacific Airways,"Paid extra for a good seat; Didn't get it due to weight balance but was promised refund the price difference before the flight; Wasted 10+ hours in nightmares with the Cathay Pacific customer service on whatsapp, emails, and phone calls, but it's still not resolved yet. I spent a few hundred dollars more on this 17 hour long trip, for a seat with good leg room and unobstructed view by the wing. However, I was told by the lady at the check-in counter that the seat had been changed by ""the people in Hong Kong"" for weight balance and she could do nothing about it. But she told me that the price difference can be refunded as long as I contact the customer service. And I believed her easily and thought that would be easy and not waste much of my time, because the fact that a paid service cannot be provided implies that that part of the cost should refunded. Or so I thought. The first customer service guy told me that it was impossible even before I could finish describing my situation. And he was also very ignorant of what services they are offering, and thought that one doesn't have to pay anything for extra leg room nowadays. I contacted again in emails, and the second person turned out to be a huge disappointment too. I was humiliated by a ""goodwill gesture"" of 10,000 Asia Miles that I will probably never use. And this guy even started to blame that it was their staff at JFK who changed my seat, which contradicted what I heard before the flight. And I am confused why that can be a good reason for not refunding me too, maybe by discrediting the check-in counter lady who told me that I could easily get a refund? After that I have spent more hours on emails and phone calls with their customer service. It has been a nightmare. More appointment and more humiliation. This is my first flight with Cathay Pacific, and I think the last one too. I don't know why it was a trustworthy airline in my impression, but not anymore. Regarding the inflight experience, I had a broken TV, a tiny unstable table with no beverage holder, and was in a location directly facing the toilet. I didn't sleep the night before the flight for better in-flight sleeps and jet lag, but I couldn't because the toilet flashed me every 5 minutes.",,
323,Singapore Airlines,"Los Angeles to Jakarta via Tokyo, Singapore. Friendly service, but not the best. The food was not really tasty. I ate Japanese cuisine and it was disappointing. Every 1 or 2 hour, they offered us drinks, which I like.",,
4508,Turkish Airlines,"Flight on 8/31/2023 from IAH to MED. Layover in IST. 4 hour layover flight got cancelled bc the plane didn’t have enough passengers so wait 8 hours for the next flight without any accommodation in the airport. 2. Flight on 9/14/1023 from DXB to IST cancelled due to technical issue with plane. Plane got fixed and was sent empty with all passengers luggage to IST.  New boarding passes issued on 9/14/2023 for IST flight. Plane was too full and 30 passengers had to rebook on another flight. We ended up rebooking with Emirates and coming back home, IAH, instead of going to IST for 3 days. Luggage is still in IST airport. We have AirTags on them. I call TK luggage services every day and they keep telling me they can’t find them. I know my luggage is in the airport and they are not trying to locate it. It’s been 1.5 weeks since we’ve been home without any of our luggage. The worst service I have ever encountered with an airline. Will not be flying with them again.",,
836,Singapore Airlines,"Singapore to San Francisco. I have an email with my itinerary showing the flight is from Singapore to San Francisco. There are no words about a 1hr 30 mins stop in Hong Kong. Only today I realized the flight is through Hong Kong. If I had known that, I wouldn't choose this company at all. The agent was surprised to see my itinerary as it clearly shows this is a direct flight.",,
5856,Turkish Airlines,"For my vacation to Turkey I decided to fly with Turkish Airlines instead of a charter airline like SmartWings. We boarded an A321-200 in Prague, seats were really nice with really good pitch and each seat has personal IFE which is geat for a 2 hours flight. The headphones were not very good, but thats ok. Problem was that for half of the flight the IFE wasn't working, but when it did it had plenty of movies, games, music etc. We received a warm sandwich and dessert on this flight which were tasty along with a good seletion of drinks, only problem was that only 1 drinks round was made. Second flight was on a Boeing 737-800 which was a bit older and only had screens above our heads, but it was a 55 minute flight (on the way back this flight was operated by A321-200 with IFE) and even on this short flight we received drinks and food (same sandwich just no dessert). Overall these were really nice flights and I would fly with Turkish again. The A321 was really nice and IFE for 2 hours flight is great, it is just the crew that could be little bit better.",,
1098,Qatar Airways,A delay of 90 minutes.  I still managed to arrive in time for my connection but we had barely time to rest in Doha. 90 minutes transit time to get across the terminal to the next gate instead of 3 hours transit.,,
7994,Korean Air,"San Francisco to Seoul. My experience with Korean Air surpassed my expectations! The crew of flight KE 026 were kind, helpful, and very attentive. I highly recommend Korean Air to anyone who wants to have a great flight!",,
1923,Qatar Airways,"Vienna to Denpasar via Doha. My meals were very bad, seat comfort okay for Vienna to Doha and bad for Doha to Denpasar.  My entertainment System not working on Doha – Denpasar.",,
7107,Cathay Pacific Airways,"Boston to Jakarta via Hong Kong. A missed connection on American Airlines bumped me to Cathay Pacific. The 15 hour flight to Hong Kong was ok. The food was average, the flight staff were nice. My problem came when they refused to even considering to allow me to fly standby on a flight that was 9 hours earlier because locating my baggage with a 5 hour window was going to be too much trouble. I even offered to retrieve the bags the next day since 1 of them appeared to be left in Boston anyway. The customer service was terrible and they just keep reminding me it was American Airlines that caused me to miss the original flight not them so they were not obligated to help me. C.H. an unfriendly girl at the service desk was particularly indifferent and unapologetic. She suggested that she couldn’t help me because she didn’t know how much I paid for my original ticket. I was 38 hours into this nightmare and she had no problem adding another 10 hours to my trip because I originally booked with a partner airline. Whatever this One World partnership is they should boot Cathay out of their system for terrible customer service.",,
2317,Qatar Airways,"Singapore to Zurich via Doha. Nice and new aircraft with warm ambience inside the cabin, the light is soft and not too bright so during serving meal you can continue to sleep if you don't want to eat. There are 2-3 meals option so you choose, the meal taste is good. The space between the seat is wide enough, so you have more legroom. Stewardess is also very helpful, full attention, and friendly to the children, they gave my children toy so they can play during long haul flight. The amenities is almost complete they gave toothbrush, toothpaste, blindfold,earmuffs, and sock in nice wallet. I'm very satisfied with the service.",,
3283,Emirates,"EK 318 from Dubai to Tokyo, Narita on 21st Nov 2019. This flight seemed to have issues right from the start. The Boarding gate where we were to board had several leaks so we had to try and huddle in the dry sections. There was not enough seating. Boarding was chaotic at best and anyone willing to lie about their Emirates membership got in first. The lady at the door was unable to cope. The cabin was dirty, the crew seemed to not know each other, 2 rows at the back in Economy were kept empty for the use of crew (at the cost of paying passengers and despite having a section for crew to rest and sleep) which despite my request they refused to relinquish. Rest of the passengers had to make do without the 6 extra seats. Apparently this is a regular reservation for the crew on this flight. I paid 350 Dirhams for a horrible seat with legroom only for my right leg. Photo attached. Crew shouted to each other about running out of meals, one crew member scolded the other members and paid very little attention to the general public. There was one apparently senior staff who did a royal walk through the cabin and only spoke to 3 or 4 people whom she chose, I am guessing at random. Lastly they took away blankets an hour before landing and then piled them into bags. So again customer was last. It was cold and we were still an hour away. All in all I would not recommend Emirates to anyone. Please avoid this airline until they improve and take their customers seriously. I have traveled by Emirates Business class in the past and the service was excellent.",,
1059,Qatar Airways,"July 2023. Family of 5 with 3 children, pre-booked extra leg room seats and so that we could be together. Our seats were reallocated to a group as we transited through Doha airport. We ended up with seats spread across the entire the aircraft, nowhere near each other. Our 13 year old who’s afraid of flying was sick with the stress caused, and to us as parents worried that if something happened there was no way we could have taken care of our 3 children. Total lack of interest, no customer care, no customer service, no attempt to improve the situation, then lies and fabrication of reasons when we complained at the gate, onboard and afterwards to their customer care team. First they claimed the aircraft had been changed, then that our seats were changed for operational reasons, and then best of all claiming we had missed our flight and had been put on a different plane. Because we complained, we never got a refund for the extra leg room seats.",,
1406,Qatar Airways,"The service was good and the flight attendant was excellent. If memory serves, her name is Eman. She was an amazing flight attendant and she helped me a lot with my aunt, because my aunt needed some extra assistance and Eman was the one who helped her. Her service left a great impression on us which reflected on Qatar Airways in the end and made it as one of the best airways in the world.",,
3764,Emirates,"Birmingham to Dubai. Very disappointed- what on Earth has happened to Emirates? Service extremely poor! Had service light on requesting some water to take a tablet for over an hour had window seat so couldn’t get out - run out of food so was given a child’s meal option! Drinks very sparse and food poor! Worst airline for service I have flown with for some time, i must not forget however we got to Dubai and back safe but I am sorry Emirates the rest was more like you would expect from a budget airline! Really disappointed and will avoid in the future.",,
7801,EVA Air,"Flew A321 from Taipei to Incheon. Overall a good flight! I received an email before the flight to say that I'd been automatically checked-in, though when I arrived at the airport, I still needed to go to a machine to print my boarding pass, then line up to drop off my bag and answer the question about the contents of my luggage etc. Therefore I really wonder what on earth is the point of auto check-in — it seems pretty much redundant. Plane was clean and comfortable and in good condition. We waited over an hour on the tarmac before taking off from Taipei, seemingly due to heavy traffic at the airport, but the crew gave little information about this, which was a little frustrating. I got a gluten-free meal, which was really tasty - much better than the one on the flight to Taiwan from Korea. The seats were comfortable and spacious enough, although there is no personal entertainment — this is a little disappointing for an otherwise high-quality, full-service airline. Once we finally took off, the crew were friendly and efficient and responded efficiently to my requests for extra drinks. There is some need for the crews, captain included, to improve their English pronunciation ability.",,
4023,Emirates,"Bangkok to Dubai. I was worried about some of the negative reviews about Emirates at first. Fortunately, my new year's eve flight was one of the best I've ever had in years. Very friendly, hard-working and charming team of international crew, a medium load, free wifi for 10 mb, or only USD1 for 500 mb, all made for a great journey. Catering standard was better than average, a great choice of drinks and wine etc. The bar at the back of the upper deck is a must do. A lot of passengers went to sleep, I was having fun with the crew counting down to the new year, a first for me on the air! If ever there was one minor imperfection, that would be the dining table of my seat, which was badly designed in a way, when opened and folded down, it cuts almost into my stomach (I am stocky). Dining was not exactly comfortable with this fatal design fault. I took one mark off because of that. Otherwise, it's a perfect 10 from me.",,
6350,Air France,"Customer Service was extremely poor at CDG Airport. No agents available to answer questions or assist withe kiosks etc. No separate check in for business class and most checkin done by passengers after they figured out how to print bag tags and load bags on belt. The service in business was unbelievable. We were on board 1.5 hours with a posted ATC delay and waiting for late passengers. No preflight service offered. After departure, only given drinks during lunch service. I had to go to attendants station to request a wine refill, but it never showed for my wife or self. Finally, after ringing on service button, mine showed, but not wife's. For two meals, I was served two pasta dishes. I've had better service in Coach. Bottom line, we will never again fly AF.",,
2757,All Nippon Airways,"Chicago to Manila via Narita. This is to acknowledge with great appreciation for the kindness and goodwill extended to a senior couple facing a dreaded 24 hour trip to their destinations. We are referring in particular to Julia S-------r who made all the stops to satisfy our needs. It is the devotion to her duty at the counter at O’Hare Airport in Chicago that made our trip take a pleasant shape, and a good start.",,
6406,Air France,"Copenhagen to Buenos Aires via Paris CDG. My Lufthansa Business Class flight from CPH was delayed, so they  transferred me to Air France, so I could still make a flight to Buenos Aires. Of course, Air France was paid by Lufthansa for this. Now Air France says they will not award me mileage points because I originally booked on Lufthansa. So Air France claims that Lufthansa should award me miles!",,
6645,Air France,"This was awful, a rip-off €1600 of awfulness for a business class return ticket CDG-TLV-CDG. A rip-off because business class from CDG to Tel Aviv is an economy seat with an empty seat next to you. You might get away with that on a short hop within the EU, but on a 4+ hr trip, at this price, it's just not acceptable. It was an overnight flight, and I just assumed, as with the BA flight to TLV, there would be a flat bed. So, it was my fault for not checking. I got an economy seat that barely reclines, perhaps 4-5cm. Needless to say I didn't sleep much. And, in search of another way to get more enraged I checked the price of a flexible economy ticket for the same trip the next day. It was €700 for a flexible ticket. So I've paid not far short of €1000 extra to sit in the same seat as everyone else but closer to the toilets. Great. Merci beaucoup.",,
3812,Emirates,"Frankfurt to Bangkok via Dubai. I understood from the crew that Emirates has a new policy to overbook the economy class and upgrade all remaining passengers to Business class. That is what happened on the both mentioned flights, more than 50% passengers got free upgrades to Business. So C class was totally full on the huge A380 results in poor service because the FAs were totally overloaded with this high amount of people. On the flight from Frankfurt to Dubai I had to wait more than 3 hours until they served the dinner. Further I think this is also very unfair for the passengers who paid the business class fare. It seems that the airline is good for economy passengers but sorry Emirates this is not what business people paying a very high fare do expect.",,
5133,Turkish Airlines,"Traveled with Turkish airlines 2 years ago whilst going to Saudi Arabia and enjoyed my travel with them so decided to travel with them back again. So we traveled to Istanbul with COVID19, so we didn't get a hot meal got given a small bun sandwich, a tiny piece of cake, one little juice carton and a small water bottle. You don't get no options if it's a non vegetarian sandwich you just don't eat anything I guess. They should at least have two options. When we booked the flight we were told because of coronavirus they will be seats empty with between you and the next stranger but that wasn't the case at all. Everyone sitting right beside another stranger touching elbow to elbow. Not happy with my travel experience this time around.",,
7086,Cathay Pacific Airways,"Jakarta to Hong Kong in October 2018. Great take off, great landing, good service, pleasant flight attendant, but only sandwich, no choice, and no other menu. Good choice of drink. New aircraft.",,
7129,Cathay Pacific Airways,"Melbourne to Tokyo via Hong Kong. Every time I've flown with Cathay it hasn't been great but this flight proved to be nightmarish. Landed in Narita via Hong Kong only to find my luggage had been lost! Although it was recovered in a few days time, the inconvenience caused by this cannot be understated. I was not offered any form of compensation beyond a simple apology. On the way back, there was also a 90-minute delay applied to the (midnight) HKG layover, during which they were asking if guests were willing to take a flight the next day as the replacement plane could not fit all passengers. Furthermore, the reason for this delay was never explained by the ground crew! Cabin staff overall was average bordering on robotic save for one exceptional hostess, I still gave it a 2 as on the return leg, menus for dinner/breakfast was not distributed and incoming passenger cards were only provided upon request (!) Speaking of which, meals were nothing special either compared to JAL, Emirates or even Delta. The only positives I can think of is the above average legroom and the relatively up-to-date inflight entertainment, including full seasons of many TV shows.",,
308,Singapore Airlines,"This was the daylight flight from Singapore to Johannesburg. Check in and boarding was, as is usual quick and efficient, with a friendly welcome from the crew. There are no pre-flight drinks offered in premium economy. Drinks are offered after take off, including French Champagne, but in tiny plastic tumblers. We had utilized “book the cook”, which had a large range of options, but these are served in an economy format, which nullifies any special qualities. There are no dedicated crew in premium economy, with the result that is approximately an hour before trays are removed and drink refills are available. The flight was good, the entertainment system excellent. The crew came round often with water and fruit juice, and a second meal was served before arrival. Overall this was a good flight with excellent hard product, excellent economy class service, but not up to the standard expected for premium economy. Why do Singapore Airlines not commit to a proper Premium Economy service?",,
1381,Qatar Airways,"What an experience flying with Qatar Airways, everything was handled so professionally and efficiently. Well done to both the airport staff and the air crew for making this without doubt the best flight experience in my 30+ years of international travel. The business class seat was fantastic with a great select of entertainment and cabin crew were very friendly. The star of the show for me was the quality and choice of food onboard, 5 star dining. I did markdown the Wi-Fi as I struggled to connect, I'm sure the staff would have sorted this had I asked. It wasn't an issue I was just happy to relax and enjoy the experience. I’ve had some dreadful business class experiences this year travelling to the USA with two different airlines, this has reinstated my faith that there are airlines who actually care about their passengers. Well done Qatar Airways.",,
5354,Turkish Airlines,"Paris to Kilimanjaro via Istanbul, returning from Zanzibar. The seats are not suitable for a trip of + 7h. This is definitely not a business class but it has the price though! No registration in advance possible: no couple seated together in Istanbul and here we go again in Zanzibar. Staff do not respond to simple requests (eg glass of water), always returning later - but nothing happens later! During the stopover in Zanzibar, no information was provided, customers are left in a staff change cabin and disturbed with the new team that is completely lost. This was a hot mess! In summary, fly Oman Air or Ethiopian, it cannot be worse.",,
7093,Cathay Pacific Airways,"Adelaide to Bangkok via Hong Kong. Both flights on time, with the good service. Seats were comfortable and food was decent. IFE had a great choice with decent size touch screen. As a One World Platinum member, the lovely Purser made sure that I was comfortable all the time.",,
1875,Qatar Airways,"What a pleasure to fly with this airline and can state unequivocally that Qatar Airways provides the best Business class that I have flown. In a four week period I flew Qatar four times and every time (including one leg in Economy from Istanbul to Doha) the cabin crew were polite, friendly, helpful and impeccably turned out. They all work very hard but maintain a standard of professionalism that is sadly lacking with some other airlines. The aircraft were spotless as were the toilets, the food delicious and beautifully presented and even the 17 and a half hour leg from Auckland to Doha and the slightly shorter return trip was not a hardship.",,
7392,Cathay Pacific Airways,"Boston to Hong Kong. With a flying time of 15.45 hours this is one of the longest routes in Cathay Pacific's network and I was bracing for the worst as I was going to travel in economy class. However it turned out to be a very pleasant experience thanks to the hardworking and friendly crew. Dinner was served shortly after take-off and a couple hours later there was a snack-service with cup noodles. The western style breakfast served two hours prior arrival was tasty and plentiful. What impressed me the most on this flight was how well-groomed the crew appeared, even after having been on duty for more than 14 hours. I stepped off the plane feeling refreshed and ready for a full day of duties ahead. This was Cathay Pacific at its best.",,
7605,Cathay Pacific Airways,"Hong kong to Manila- a short flight and service on the ground and in-flight was excellent. Meal service used to be a full meal but Cathay Pacific has downgraded this to a Snack - it comes in a small CX paper bag which i found cute. Meal service fast and efficient and they come around to offer more drinks after the snack bag. FA's are lovely. The cabin is clean, IFE was excellent. Seat pitch is OK. Would fly them again for sure.",,
2192,Qatar Airways,"Milan to Jakarta via Doha in October 2017. We boarded the A330-300, staff with friendly smiles and got to our seat 23F which was a window seat, at the seat was IFE, and coat hook but no USB charger. This A330-300 was an older one. We took off on time, the meal service options were roast chicken with potatoes or beef stew, I chose the chicken which wasn't the best. I tried to sleep but due to cramped legroom I couldn't, so I took a walk, I got back to my seat and started to watch the IFE, but it was small but had a lot of options. We landed at Hammad International airport 30 minutes late, had a 2 hour layover before boarding the Boeing 787-8 to Jakarta, again the legroom was cramped but this time the IFE had a USB charger, so I could charge my phone. I woke up just before landing, we landed on time at Jakarta.",,
6743,Air France,London to Paris return. No luggage and checked in online so did not experience checking at the airport. Outbound flight was a Boeing 787 so boarding took some time. Onboard seat comfort was very good as was legroom. This aircraft operates as a long haul product and I would have no issues in recommending it for a flight of this duration. Once at Paris deplaning took some time but otherwise fine. Return flight was on an A318. Online checkin again so very simple and straight forward. Not an AF issue but worthy of a mention is the lack of restaurants in CDG terminal 2E so something to bear in mind. Return flight left on time and again the seat was very comfortable and an enjoyable experience. Both flights offered a drink and quick snack which was great. Based on my experience I would choose them as a preference over BA and Lufthansa. Great flights all round.,,
